{
    "Oscillator Bank": {
        "1": [
            477.0,
            101.0
        ],
        "2": [
            45.1835784912109,
            248.0703125
        ]
    },
    "Phasor": {
        "1": [
            55.0,
            59.0
        ]
    }
}